﻿<alarmInfo>
<objectClass>NodeBFunction</objectClass>
<eventTime>2016-08-06T13:52:40</eventTime>
<notificationType>notifyNewAlarm</notificationType>
<objectSDN>DC=www.zte.com.cn,SubNetwork=ZTE_UTRAN_SYSTEM,SubNetwork=trns1382,ManagedElement=NODEBME1135,NodeBFunction=1135</objectSDN>
<objectInstanceName>TZ011135F_舜耕会所-舜耕山庄-教育电视台新机房</objectInstanceName>
<systemName>JNRNC7</systemName>
<specificProblemId>198080060</specificProblemId>
<additionalInformation>ai_at:qualityOfServiceAlarm;ai_ps:CRITICAL_ALARM;ai_vs_other:1@20411@1704731140041@AMOID=TD_OMMR_235.198@Server=1704731140041@TSUBNETWORKID=1382@TRNCMEID=1382@EQRNCID=1382@RACKNO=1@SHELFNO=1@SLOTNO=1@CPUNO=1@&amp;amp;%</additionalInformation>
<alarmUniqueId>1704731140041@1470041857525</alarmUniqueId>
<equipmentSDN>DC=www.zte.com.cn,SubNetwork=ZTE_UTRAN_SYSTEM,SubNetwork=trns1382,ManagedElement=NODEBME1135</equipmentSDN>
<equipmentName>JNRNC7</equipmentName>
<equipmentClass>RNC</equipmentClass>
<rlocateSDN/>
<rlocateNeName/>
<rlocateNeType/>
<alarmRaisedTime>2016-08-06T13:52:40</alarmRaisedTime>
<alarmClearedTime/>
<alarmType>qualityOfServiceAlarm</alarmType>
<probableCause>714</probableCause>
<perceivedSeverity>critical</perceivedSeverity>
<specificProblem>TD NodeB退服告警</specificProblem>
<additionalText>1@20411@1704731140041@AMOID=TD_OMMR_235.198@Server=1704731140041@TSUBNETWORKID=1382@TRNCMEID=1382@EQRNCID=1382@RACKNO=1@SHELFNO=1@SLOTNO=1@CPUNO=1@&amp;amp;%#局向ID(站点):54;局向名称(站点):TZ011135F_舜耕会所-舜耕山庄-教育电视台新机房;告警对象类型:NODEB;告警对象ID:54;告警对象名称:TZ011135F_舜耕会所-舜耕山庄-教育电视台新机房;单板类型:#RNC:1382,RNC用户标识:JNRNC7; 
CMP模块号:5; 基站ID:1135; 告警子码:1#NE Alarm ID:1</additionalText>
</alarmInfo>